{"longitudinal":-0.9891674804687501,"lateral":-0.04888916015624991,"vertical":0,"roll":0,"pitch":0,"yaw":0}