{"robotId":"RA_1","robotPos":{"x":0.5717276692261549,"y":-1.3114674940868232,"z":0,"theta":-0.593258555989207},"relTargetPos":{"x":0,"y":4,"z":0},"timestamp":123456}